usuario,contrasena,email
usuario001,password,usuario001@usuario001.com
usuario002,password,usuario002@usuario002.com
usuario003,password,usuario003@usuario003.com
usuario004,password,usuario004@usuario004.com
usuario005,password,usuario005@usuario005.com
usuario006,password,usuario006@usuario006.com
usuario007,password,usuario007@usuario007.com
usuario008,password,usuario008@usuario008.com
usuario009,password,usuario009@usuario009.com
usuario010,password,usuario010@usuario010.com
usuario011,password,usuario011@usuario011.com
usuario012,password,usuario012@usuario012.com
usuario013,password,usuario013@usuario013.com
usuario014,password,usuario014@usuario014.com
usuario015,password,usuario015@usuario015.com
usuario016,password,usuario016@usuario016.com
usuario017,password,usuario017@usuario017.com
usuario018,password,usuario018@usuario018.com
usuario019,password,usuario019@usuario019.com
usuario020,password,usuario020@usuario020.com
usuario021,password,usuario021@usuario021.com
usuario022,password,usuario022@usuario022.com
usuario023,password,usuario023@usuario023.com
usuario024,password,usuario024@usuario024.com
usuario025,password,usuario025@usuario025.com
usuario026,password,usuario026@usuario026.com
usuario027,password,usuario027@usuario027.com
usuario028,password,usuario028@usuario028.com
usuario029,password,usuario029@usuario029.com
usuario030,password,usuario030@usuario030.com
usuario031,password,usuario031@usuario031.com
usuario032,password,usuario032@usuario032.com
usuario033,password,usuario033@usuario033.com
usuario034,password,usuario034@usuario034.com
usuario035,password,usuario035@usuario035.com
usuario036,password,usuario036@usuario036.com
usuario037,password,usuario037@usuario037.com
usuario038,password,usuario038@usuario038.com
usuario039,password,usuario039@usuario039.com
usuario040,password,usuario040@usuario040.com
usuario041,password,usuario041@usuario041.com
usuario042,password,usuario042@usuario042.com
usuario043,password,usuario043@usuario043.com
usuario044,password,usuario044@usuario044.com
usuario045,password,usuario045@usuario045.com
usuario046,password,usuario046@usuario046.com
usuario047,password,usuario047@usuario047.com
usuario048,password,usuario048@usuario048.com
usuario049,password,usuario049@usuario049.com
usuario050,password,usuario050@usuario050.com
usuario051,password,usuario051@usuario051.com
usuario052,password,usuario052@usuario052.com
usuario053,password,usuario053@usuario053.com
usuario054,password,usuario054@usuario054.com
usuario055,password,usuario055@usuario055.com
usuario056,password,usuario056@usuario056.com
usuario057,password,usuario057@usuario057.com
usuario058,password,usuario058@usuario058.com
usuario059,password,usuario059@usuario059.com
usuario060,password,usuario060@usuario060.com
usuario061,password,usuario061@usuario061.com
usuario062,password,usuario062@usuario062.com
usuario063,password,usuario063@usuario063.com
usuario064,password,usuario064@usuario064.com
usuario065,password,usuario065@usuario065.com
usuario066,password,usuario066@usuario066.com
usuario067,password,usuario067@usuario067.com
usuario068,password,usuario068@usuario068.com
usuario069,password,usuario069@usuario069.com
usuario070,password,usuario070@usuario070.com
usuario071,password,usuario071@usuario071.com
usuario072,password,usuario072@usuario072.com
usuario073,password,usuario073@usuario073.com
usuario074,password,usuario074@usuario074.com
usuario075,password,usuario075@usuario075.com
usuario076,password,usuario076@usuario076.com
usuario077,password,usuario077@usuario077.com
usuario078,password,usuario078@usuario078.com
usuario079,password,usuario079@usuario079.com
usuario080,password,usuario080@usuario080.com
usuario081,password,usuario081@usuario081.com
usuario082,password,usuario082@usuario082.com
usuario083,password,usuario083@usuario083.com
usuario084,password,usuario084@usuario084.com
usuario085,password,usuario085@usuario085.com
usuario086,password,usuario086@usuario086.com
usuario087,password,usuario087@usuario087.com
usuario088,password,usuario088@usuario088.com
usuario089,password,usuario089@usuario089.com
usuario090,password,usuario090@usuario090.com
usuario091,password,usuario091@usuario091.com
usuario092,password,usuario092@usuario092.com
usuario093,password,usuario093@usuario093.com
usuario094,password,usuario094@usuario094.com
usuario095,password,usuario095@usuario095.com
usuario096,password,usuario096@usuario096.com
usuario097,password,usuario097@usuario097.com
usuario098,password,usuario098@usuario098.com
usuario099,password,usuario099@usuario099.com
usuario100,password,usuario100@usuario100.com
